{
  "loss": [
    0.46808744474808556,
    0.39674163557374303,
    0.37552682393729386,
    0.36198742326207606,
    0.3399825598395676,
    0.34851516609950656,
    0.33208369584423786,
    0.32185516227508604,
    0.3207139627453655,
    0.31258286390382717,
    0.3021858060706027,
    0.2998524087441206,
    0.296453686349313,
    0.2893458368136782,
    0.2855300175162365,
    0.28321809964734895,
    0.27686267418761973,
    0.278473519185758,
    0.27438009300147964,
    0.2722355948204277,
    0.2649917544652402,
    0.26334776222341943,
    0.2572950642731402,
    0.2570558109442076,
    0.25093881328375855,
    0.2507869113183752,
    0.24532663115176542,
    0.24638374102126986,
    0.24299218343712087,
    0.24329396323989777,
    0.2412967439458382,
    0.23325288671028852,
    0.23308742058659346,
    0.2334851357098463,
    0.2292298787198042,
    0.22725682352476217,
    0.2278550521144539,
    0.22288879539673065,
    0.21937232034746443,
    0.2178502386477176,
    0.2214976798609024,
    0.21657580760579062,
    0.21451858242778588,
    0.21298719782826908,
    0.2126255075740838,
    0.21004136044852945,
    0.21117270325731127,
    0.2060701184756376,
    0.20291644969209502,
    0.2000678800943806,
    0.20042628264666565,
    0.19961314935372393,
    0.19779912026204366,
    0.20016792534009414,
    0.19677715999227374,
    0.193353398193631,
    0.18983439386970272,
    0.1866767998713765,
    0.18856807164980907,
    0.18766039531436293,
    0.1886390090602628,
    0.18611168498260772,
    0.18604480194603845,
    0.18370222395535213,
    0.18035575546926413,
    0.1807562195968317,
    0.180533680508294,
    0.17583853257769727,
    0.17469691880142008,
    0.17654872739005104,
    0.17386599403747005,
    0.17668444676715697,
    0.17194531873587665,
    0.17018138146824255,
    0.1687848431434888,
    0.16819119590389675,
    0.16452264713556805,
    0.1651542327695931,
    0.16408096681461845,
    0.16300525570843583,
    0.16126965390050596,
    0.15949140352430075,
    0.15698011523902178,
    0.15614380531550812,
    0.15474839218233757,
    0.15855097415065947,
    0.1542039610710995,
    0.1563761044042226,
    0.14964889710191495,
    0.14805665476712904,
    0.15428682835123594,
    0.14880767780123955,
    0.1455573942432749,
    0.1459761746243213,
    0.14550662865565656,
    0.14220242346150752,
    0.1426225888629086,
    0.14378653523711848,
    0.1434410179975332,
    0.1374152470608431
  ],
  "accuracy": [
    0.8082731123847495,
    0.8375446465653293,
    0.8483761109726722,
    0.8527120192707035,
    0.8623805963950494,
    0.8601046598554697,
    0.8647894343384002,
    0.8699892017609436,
    0.8692250186892599,
    0.8738101171193621,
    0.8776476451532519,
    0.8784450535758784,
    0.8797740676135891,
    0.8828640252512667,
    0.8861699476700723,
    0.8860868842927153,
    0.8885621729379517,
    0.8868676800398704,
    0.8890107151756791,
    0.8896918348700058,
    0.8916189052246865,
    0.8933798488246532,
    0.8956890107151757,
    0.8965362571642163,
    0.8985796162471966,
    0.8983470387905972,
    0.9002574964698065,
    0.900024919013207,
    0.902051665420716,
    0.9025002076584434,
    0.9015698978320459,
    0.9053077498131074,
    0.9058393554281917,
    0.904294376609353,
    0.9076002990281585,
    0.9094110806545395,
    0.9070022427111887,
    0.9097765595149099,
    0.9109560594733782,
    0.9126173270205167,
    0.9108896087714926,
    0.9128997425035302,
    0.9140294044355843,
    0.9151922917185813,
    0.9157405100091369,
    0.9169864606694909,
    0.9168037212393055,
    0.9177506437411745,
    0.9192956225600133,
    0.9206080239222527,
    0.9199601295788686,
    0.9205249605448957,
    0.921355594318465,
    0.9198936788769831,
    0.9210399534845087,
    0.9232660519976742,
    0.9241299111221862,
    0.9260403688013955,
    0.924246199850486,
    0.9252263477032976,
    0.9250436082731124,
    0.9254921505108398,
    0.925890854722153,
    0.9273527701636348,
    0.92921338981643,
    0.9288811363070022,
    0.9288146856051167,
    0.9313065869258244,
    0.9300772489409419,
    0.9288479109560595,
    0.931289974250353,
    0.9303762770994268,
    0.9325691502616497,
    0.9333333333333333,
    0.9345460586427444,
    0.9340144530276601,
    0.9353102417144281,
    0.9346457346955728,
    0.9356591078993272,
    0.9354265304427278,
    0.936340227593654,
    0.9356424952238558,
    0.9363070022427112,
    0.9405930725143284,
    0.9390813190464324,
    0.9378353683860786,
    0.9384832627294626,
    0.9395132486086885,
    0.9411080654539413,
    0.941955311902982,
    0.938848741589833,
    0.9421878893595813,
    0.941955311902982,
    0.9429022344048509,
    0.9432511005897499,
    0.9435335160727635,
    0.9443641498463328,
    0.9437162555029488,
    0.9443475371708614,
    0.9456765512085722
  ]
}