{
  "estroma": {
    "precision": 0.7563805104408353,
    "recall": 0.8177257525083612,
    "f1-score": 0.7858577742065086,
    "support": 1196.0
  },
  "inflamacion_benigna": {
    "precision": 0.8170055452865065,
    "recall": 0.9285714285714286,
    "f1-score": 0.8692232055063913,
    "support": 476.0
  },
  "tumores": {
    "precision": 0.9347826086956522,
    "recall": 0.8785289747399703,
    "f1-score": 0.9057832248180774,
    "support": 2692.0
  },
  "accuracy": 0.8673235563703025,
  "macro avg": {
    "precision": 0.8360562214743313,
    "recall": 0.8749420519399201,
    "f1-score": 0.8536214015103258,
    "support": 4364.0
  },
  "weighted avg": {
    "precision": 0.8730431972163868,
    "recall": 0.8673235563703025,
    "f1-score": 0.8689286400051079,
    "support": 4364.0
  }
}